file_name,md5sum,page_count,char_count,size,doi,title,source
busca__final/e191b1551b540f20f3eec8779bedaa91.pdf,e191b1551b540f20f3eec8779bedaa91,11,66547,353376,10.1093/ajcn/80.6.1678S,"Sunlight and vitamin D for bone health and prevention of autoimmune diseases, cancers, and cardiovascular disease",AMERICAN JOURNAL OF CLINICAL NUTRITION
busca__final/84e018e77c6b5a5df94845286ce8e2e7.pdf,84e018e77c6b5a5df94845286ce8e2e7,10,54980,573256,10.2340/00015555-0980,Factors Influencing Vitamin D Status,ACTA DERMATO-VENEREOLOGICA
busca__final/1d9eecbac010038b00fd49fc723ac849.pdf,1d9eecbac010038b00fd49fc723ac849,6,25829,729038,10.1093/jn/126.suppl_4.1159S,Vitamin D and bone health,JOURNAL OF NUTRITION
busca__final/a73cde75ee13f2f842f26613e088c9f6.pdf,a73cde75ee13f2f842f26613e088c9f6,10,64309,118805,10.1111/j.1600-0781.2011.00557.x,Current sunscreen controversies: a critical review,PHOTODERMATOLOGY PHOTOIMMUNOLOGY & PHOTOMEDICINE
busca__final/60ce646b4abe66ca04a6a81eb229c559.pdf,60ce646b4abe66ca04a6a81eb229c559,7,36115,232020,10.1159/000199454,Prevalence of Vitamin D Insufficiency in Brazilian Adolescents,ANNALS OF NUTRITION AND METABOLISM
busca__final/61d6080b9e108ca76a5fc61655d4d804.pdf,61d6080b9e108ca76a5fc61655d4d804,11,48425,272142,10.1007/s00431-013-2119-z,Vitamin D status and predictors of hypovitaminosis D in Italian children and adolescents: a cross-sectional study,EUROPEAN JOURNAL OF PEDIATRICS
busca__final/a8f390e94f777cab38c1a4be17843f41.pdf,a8f390e94f777cab38c1a4be17843f41,9,39897,442641,10.1186/1824-7288-40-54,Prevalence of hypovitaminosis D and predictors of vitamin D status in Italian healthy adolescents,ITALIAN JOURNAL OF PEDIATRICS
busca__final/4d1025c87bb647e057b97df015ecc633.pdf,4d1025c87bb647e057b97df015ecc633,8,66175,302362,10.1016/j.prrv.2011.07.003,Vitamin D and Asthma in Children,PAEDIATRIC RESPIRATORY REVIEWS
busca__final/281d431a6c85151491f93be56b04b862.pdf,281d431a6c85151491f93be56b04b862,6,20424,102041,10.1111/j.1740-8709.2008.00157.x,"Vitamin D insufficiency common in newborns, children and pregnant women living in Newfoundland and Labrador, Canada",MATERNAL AND CHILD NUTRITION
busca__final/ebcded49430aee31db3f4cf436fa5e41.pdf,ebcded49430aee31db3f4cf436fa5e41,7,38839,130889,10.1038/oby.2009.448,"Serum 25-Hydroxyvitamin D Concentration, Life Factors and Obesity in Mexican Children",OBESITY
busca__final/51a8206f7af37ff98d1582ce81530485.pdf,51a8206f7af37ff98d1582ce81530485,8,37184,102717,10.1177/0961203311401457,"Vitamin D insufficiency in Brazilian patients with SLE: prevalence, associated factors, and relationship with activity",LUPUS
busca__final/f448b1f6917ef6127815383227533974.pdf,f448b1f6917ef6127815383227533974,7,34880,168347,10.1111/j.1479-828X.2011.01313.x,Vitamin D status and its predictive factors in pregnancy in 2 Australian populations,AUSTRALIAN & NEW ZEALAND JOURNAL OF OBSTETRICS & GYNAECOLOGY
busca__final/adbaa67da847c01a0ef55ea397c42dc2.pdf,adbaa67da847c01a0ef55ea397c42dc2,13,69693,120861,10.1111/j.1529-8019.2009.01290.x,Effects of ambient sunlight and photoprotection on vitamin D status,DERMATOLOGIC THERAPY
busca__final/b105e4cadbb6fdd64db5d43ac904f953.pdf,b105e4cadbb6fdd64db5d43ac904f953,6,36200,133505,10.1111/j.1600-0781.2010.00524.x,Vitamin D in health and disease,PHOTODERMATOLOGY PHOTOIMMUNOLOGY & PHOTOMEDICINE
busca__final/c42dc934103a65b036748b313d3b3503.pdf,c42dc934103a65b036748b313d3b3503,7,26814,127850,10.1007/s11255-006-0081-7,25(OH) Vitamin D<sub>3</sub> in patients with chronic kidney disease and those on dialysis:: rediscovering its importance,INTERNATIONAL UROLOGY AND NEPHROLOGY
busca__final/6cbc81a5abef849f4be362a6322698ea.pdf,6cbc81a5abef849f4be362a6322698ea,11,51841,497586,10.1017/S0007114517003634,Prevalence and determinants of vitamin D deficiency in the third trimester of pregnancy: a multicentre study in Switzerland,BRITISH JOURNAL OF NUTRITION
busca__final/19e0797800968a8fc665bd010f9138ea.pdf,19e0797800968a8fc665bd010f9138ea,9,65578,439288,10.1016/j.cca.2012.09.004,Vitamin D in exercise: Physiologic and analytical concerns,CLINICA CHIMICA ACTA
busca__final/9dae290242d15c0259f84c0928aa5eef.pdf,9dae290242d15c0259f84c0928aa5eef,6,35976,557528,10.3945/jn.110.124891,Daily Supplementation with 25 μg Cholecalciferol Does Not Increase Calcium Absorption or Skeletal Retention in Adolescent Girls with Low Serum 25-Hydroxyvitamin D,JOURNAL OF NUTRITION
busca__final/c11b12dd5f20a573737cd891a020091b.pdf,c11b12dd5f20a573737cd891a020091b,13,61769,115448,10.1177/1099800407308057,The effects of vitamin D deficiency and insufficiency on the endocrine and paracrine systems,BIOLOGICAL RESEARCH FOR NURSING
busca__final/14ee2395ac4dab13f07967319c1a7166.pdf,14ee2395ac4dab13f07967319c1a7166,11,60195,322684,10.1007/s10741-006-9192-6,Macro- and micronutrients in African-Americans with heart failure,HEART FAILURE REVIEWS
busca__final/b511bfe6ae4bfa034395cc6242bdb8ff.pdf,b511bfe6ae4bfa034395cc6242bdb8ff,5,28221,122268,10.1016/j.bbmt.2010.10.009,25-Hydroxy Vitamin D Deficiency Following Pediatric Hematopoietic Stem Cell Transplant,BIOLOGY OF BLOOD AND MARROW TRANSPLANTATION
busca__final/ba432312b0a809cd44dc40d8d466562c.pdf,ba432312b0a809cd44dc40d8d466562c,10,65967,610804,10.1016/j.jphotobiol.2014.07.018,"Influence of external, intrinsic and individual behaviour variables on serum 25(OH)D in a German survey",JOURNAL OF PHOTOCHEMISTRY AND PHOTOBIOLOGY B-BIOLOGY
busca__final/c78dc997dcac438e41018967eda07b4b.pdf,c78dc997dcac438e41018967eda07b4b,11,61660,2854819,10.1016/j.jsbmb.2020.105664,Effects of sunlight exposure and vitamin D supplementation on HIV patients,JOURNAL OF STEROID BIOCHEMISTRY AND MOLECULAR BIOLOGY
busca__final/dcea0f64f405cef541393aabd73547eb.pdf,dcea0f64f405cef541393aabd73547eb,8,36698,134377,10.1590/2359-3997000000007,Risk factors associated with hypovitaminosis D in HIV/aids-infected adults,ARCHIVES OF ENDOCRINOLOGY METABOLISM
busca__final/e7e1321aab8501064aa56335d65064d9.pdf,e7e1321aab8501064aa56335d65064d9,7,32055,247756,10.6065/apem.2040132.066,"Vitamin D insufficiency and its contributing factors in primary school-aged children in Indonesia, a sun-rich country",ANNALS OF PEDIATRIC ENDOCRINOLOGY & METABOLISM
busca__final/a99716241c056c0d7301ab49db0d492c.pdf,a99716241c056c0d7301ab49db0d492c,13,54894,994872,10.3390/nu13020573,Comparison of Vitamin D and 25-Hydroxyvitamin D Concentrations in Human Breast Milk between 1989 and 2016-2017,NUTRIENTS
busca__final/010a1df2c749e587cafd4eb57e62bfc7.pdf,010a1df2c749e587cafd4eb57e62bfc7,9,43513,1149021,10.1016/j.heliyon.2020.e03479,Vitamin D nutritional status in the adult population in Colombia - An analytical cross-sectional study,HELIYON
busca__final/0ae7bb9ae6a3f1c1b4193ca9d6f7f794.pdf,0ae7bb9ae6a3f1c1b4193ca9d6f7f794,8,23659,429039,10.1093/oxfordjournals.rpd.a033236,Sunlight and vitamin D: The bone and cancer connections,RADIATION PROTECTION DOSIMETRY
busca__final/0e1a22a3d1c5031fdfb04b9994901d2a.pdf,0e1a22a3d1c5031fdfb04b9994901d2a,5,23722,182369,10.1007/s12020-013-9934-x,Bone mineral density and vitamin D levels in erythropoietic protoporphyria,ENDOCRINE
busca__final/0f4edd9a9675afc250c3b212cf400877.pdf,0f4edd9a9675afc250c3b212cf400877,6,35727,176633,10.1002/pbc.24684,Prevalence of 25-Hydroxyvitamin D Deficiency in Child and Adolescent Patients Undergoing Hematopoietic Cell Transplantation Compared to a Healthy Population,PEDIATRIC BLOOD & CANCER
busca__final/97d15494d9f41377ddeb8de3b8b81727.pdf,97d15494d9f41377ddeb8de3b8b81727,11,43499,991974,10.3390/children8020111,Vitamin D Status in Children in Greece and Its Relationship with Sunscreen Application,CHILDREN-BASEL
busca__final/b87e852894c230da687370a5fb496742.pdf,b87e852894c230da687370a5fb496742,7,23219,576534,10.4414/smw.2012.13672,Preserved circannual rhythm of vitamin D in kidney transplant patients,SWISS MEDICAL WEEKLY
busca__final/b501bb229a1d00bba1506d322b82262e.pdf,b501bb229a1d00bba1506d322b82262e,8,39152,377835,10.1186/s12889-018-6244-5,"Vitamin D status in Kancheepuram District, Tamil Nadu, India",BMC PUBLIC HEALTH
busca__final/3b7874794c9df4389ad186529714f6ac.pdf,3b7874794c9df4389ad186529714f6ac,7,39786,164460,10.1111/1346-8138.14742,Vitamin D status in Thai dermatologists and working-age Thai population,JOURNAL OF DERMATOLOGY
busca__final/1f69f7d49e52a2802e4fdb101d011d38.pdf,1f69f7d49e52a2802e4fdb101d011d38,9,43474,475460,10.1177/0009922811431161,The Five Paradoxes of Vitamin D and the Importance of Sunscreen Protection,CLINICAL PEDIATRICS
busca__final/ed1bdee6a3543ba6872c1575b18e9765.pdf,ed1bdee6a3543ba6872c1575b18e9765,9,40860,617623,10.1186/s12889-021-12133-5,"Evaluation of the knowledge regarding vitamin D, and sunscreen use of female adolescents in Iran",BMC PUBLIC HEALTH
busca__final/83fdd8515f8fba4cd739647d68cbaff8.pdf,83fdd8515f8fba4cd739647d68cbaff8,9,36887,920454,10.1186/s12887-022-03797-y,Prevalence and risk factors for vitamin D insufficiency in 6-12-month-old infants: a cross-sectional study in Southern Thailand,BMC PEDIATRICS
busca__final/096814ef5d30ba65aa223a875247b801.pdf,096814ef5d30ba65aa223a875247b801,8,19132,1215150,10.4067/s0034-98872019001101415,Vitamin D levels among anesthesiologists and other physicians,REVISTA MEDICA DE CHILE
busca__final/f543fce19d6f98921268dfc4fe60cc13.pdf,f543fce19d6f98921268dfc4fe60cc13,9,40885,940958,10.1038/s41598-023-42557-5,Vitamin D status in non-pregnant women of reproductive age: a study in Southern Thailand,SCIENTIFIC REPORTS
busca__final/22c6ba3cdca9c321fbdf5dadd9ef8a22.pdf,22c6ba3cdca9c321fbdf5dadd9ef8a22,9,48598,458109,10.1017/jns.2023.25,Assessment of the vitamin D status and its determinants in young healthy students from Palestine,JOURNAL OF NUTRITIONAL SCIENCE
busca__final/104eec0f52d5fe90c242d39e012eb15c.pdf,104eec0f52d5fe90c242d39e012eb15c,12,54560,1834621,10.1186/s12909-023-04001-0,Risk perception of sun exposure and knowledge of vitamin D among the healthcare providers in a high-risk country: a cross-sectional study,BMC MEDICAL EDUCATION
busca__final/3aa4979cc423d6c8f71dc9904dcd17b0.pdf,3aa4979cc423d6c8f71dc9904dcd17b0,6,32441,411374,10.4103/ijph.IJPH_760_20,Vitamin D status and associated factors among peri menopausal women in two selected districts of Kerala,INDIAN JOURNAL OF PUBLIC HEALTH
busca__final/9c751d23b6f489d6358cbdb87f581c3d.pdf,9c751d23b6f489d6358cbdb87f581c3d,7,32837,631262,10.1007/s40618-020-01370-x,Vitamin D deficiency as a predictor of poor prognosis in patients with acute respiratory failure due to COVID-19,JOURNAL OF ENDOCRINOLOGICAL INVESTIGATION
busca__final/f6a0b9c4e332e1ce077ce509dd8f67ba.pdf,f6a0b9c4e332e1ce077ce509dd8f67ba,8,28860,2551072,10.1002/jmv.26360,Vitamin D insufficiency as a potential culprit in critical COVID-19 patients,JOURNAL OF MEDICAL VIROLOGY
busca__final/2e0d44577b09a238379ef0c3b7b02d46.pdf,2e0d44577b09a238379ef0c3b7b02d46,4,11977,287890,10.1002/oby.22838,"Considerations for Obesity, Vitamin D, and Physical Activity Amid the COVID-19 Pandemic",OBESITY
busca__final/07f5a0079114769bcc114ba48550195e.pdf,07f5a0079114769bcc114ba48550195e,14,59207,1469361,10.3390/nu13072170,Effects of a 2-Week 5000 IU versus 1000 IU Vitamin D3 Supplementation on Recovery of Symptoms in Patients with Mild to Moderate Covid-19: A Randomized Clinical Trial,NUTRIENTS
busca__final/9d35c6e7b2dcc1d74881b2ae91ab0452.pdf,9d35c6e7b2dcc1d74881b2ae91ab0452,7,36910,1184534,10.1016/j.ijid.2020.12.077,Low vitamin D status is associated with coronavirus disease 2019 outcomes: a systematic review and meta-analysis,INTERNATIONAL JOURNAL OF INFECTIOUS DISEASES
busca__final/fd363f9a8eca521a89a7a28fb091cbb9.pdf,fd363f9a8eca521a89a7a28fb091cbb9,19,93222,1637772,10.3389/fpubh.2021.736665,Vitamin D Status and SARS-CoV-2 Infection and COVID-19 Clinical Outcomes,FRONTIERS IN PUBLIC HEALTH
busca__final/afd5a74342d431d209db07d3a05035b7.pdf,afd5a74342d431d209db07d3a05035b7,4,14812,368539,10.1007/s00394-020-02372-4,Vitamin D and COVID-19 infection and mortality in UK Biobank,EUROPEAN JOURNAL OF NUTRITION
busca__final/bca87bb5cc89baa99adcb2aef45d88e3.pdf,bca87bb5cc89baa99adcb2aef45d88e3,19,80910,2164814,10.1210/clinem/dgab892,Prognostic and Therapeutic Role of Vitamin D in COVID-19: Systematic Review and Meta-analysis,JOURNAL OF CLINICAL ENDOCRINOLOGY & METABOLISM
busca__final/4e606f72b3354b958f225ea0cb4dfbd0.pdf,4e606f72b3354b958f225ea0cb4dfbd0,8,32734,528228,10.1007/s12603-020-1479-0,Impact of Serum 25(OH) Vitamin D Level on Mortality in Patients with COVID-19 in Turkey,JOURNAL OF NUTRITION HEALTH & AGING
busca__final/e88314666b02ed731b4a08ff1bb709b4.pdf,e88314666b02ed731b4a08ff1bb709b4,18,107661,1267545,10.1007/s11154-021-09693-7,"Vitamin D: Dosing, levels, form, and route of administration: Does one approach fit all?",REVIEWS IN ENDOCRINE & METABOLIC DISORDERS
busca__final/f8021379314f27e77324c17db769a24c.pdf,f8021379314f27e77324c17db769a24c,4,21245,287223,10.1016/j.clnu.2020.10.055,Vitamin D 25OH deficiency in COVID-19 patients admitted to a tertiary referral hospital,CLINICAL NUTRITION
busca__final/18bb960439a4c04ef42d37662b1af07d.pdf,18bb960439a4c04ef42d37662b1af07d,16,63167,2079910,10.1111/ijcp.14675,The role of vitamin D in the age of COVID-19: A systematic review and meta-analysis,INTERNATIONAL JOURNAL OF CLINICAL PRACTICE
busca__final/3e11f9077cd7dce8df095d2677b6f850.pdf,3e11f9077cd7dce8df095d2677b6f850,24,111611,1960227,10.3390/nu13020499,Does the High Prevalence of Vitamin D Deficiency in African Americans Contribute to Health Disparities?,NUTRIENTS
busca__final/9940af475cf1b7a40dd94a57430c2744.pdf,9940af475cf1b7a40dd94a57430c2744,6,30486,730354,10.1017/S0007114520001749,'Scientific Strabismus' or two related pandemics: coronavirus disease and vitamin D deficiency,BRITISH JOURNAL OF NUTRITION
busca__final/2d1b01e89863b51b283fcc295bedb06f.pdf,2d1b01e89863b51b283fcc295bedb06f,21,94675,1740792,10.1007/s11154-021-09705-6,Association of vitamin D status with COVID-19 and its severity,REVIEWS IN ENDOCRINE & METABOLIC DISORDERS
busca__final/e3682abd18bcca0591be6528154aabb6.pdf,e3682abd18bcca0591be6528154aabb6,22,90765,616183,10.1210/jendso/bvaa082,The Impact of SARS-Cov-2 Virus Infection on the Endocrine System,JOURNAL OF THE ENDOCRINE SOCIETY
busca__final/42823cd79818bfcab2e8aa2ff1d06155.pdf,42823cd79818bfcab2e8aa2ff1d06155,5,28942,357893,10.3389/fpubh.2020.00232,Vitamin D Deficiency and Air Pollution Exacerbate COVID-19 Through Suppression of Antiviral Peptide LL37,FRONTIERS IN PUBLIC HEALTH
busca__final/078c20d3a6959402447b57f7db359da2.pdf,078c20d3a6959402447b57f7db359da2,9,32269,898921,10.3390/nu12123773,Low 25-Hydroxyvitamin D Levels on Admission to the Intensive Care Unit May Predispose COVID-19 Pneumonia Patients to a Higher 28-Day Mortality Risk: A Pilot Study on a Greek ICU Cohort,NUTRIENTS
busca__final/f5a52fe65132b882419338072864e9bf.pdf,f5a52fe65132b882419338072864e9bf,7,18228,334436,10.1186/s41182-020-00277-w,Vitamin D deficiency among patients with COVID-19: case series and recent literature review,TROPICAL MEDICINE AND HEALTH
busca__final/a92a74f159573f97682ab24ed444b3e7.pdf,a92a74f159573f97682ab24ed444b3e7,11,42271,1445386,10.3390/nu12082488,Vitamin D Insufficiency and Deficiency and Mortality from Respiratory Diseases in a Cohort of Older Adults: Potential for Limiting the Death Toll during and beyond the COVID-19 Pandemic?,NUTRIENTS
busca__final/191a3c4368115ae20e8ee87003799382.pdf,191a3c4368115ae20e8ee87003799382,7,32573,510631,10.1093/ajcn/nqab151,Influence of vitamin D status on hospital length of stay and prognosis in hospitalized patients with moderate to severe COVID-19: a multicenter prospective cohort study,AMERICAN JOURNAL OF CLINICAL NUTRITION
busca__final/4b0032aa5524592292359ca6414b6138.pdf,4b0032aa5524592292359ca6414b6138,8,38597,192460,10.1210/clinem/dgab439,Vitamin D Deficiency Is Associated With Higher Hospitalization Risk From COVID-19: A Retrospective Case-control Study,JOURNAL OF CLINICAL ENDOCRINOLOGY & METABOLISM
busca__final/160ffd5b27c3ce281d4c51bcc60ecad6.pdf,160ffd5b27c3ce281d4c51bcc60ecad6,18,75793,1212562,10.26355/eurrev_202009_23064,Vitamin deficiency as risk factor for SARS-CoV-2 infection: correlation with susceptibility and prognosis,EUROPEAN REVIEW FOR MEDICAL AND PHARMACOLOGICAL SCIENCES
busca__final/6ff4474746b307058aba6674c2be78fb.pdf,6ff4474746b307058aba6674c2be78fb,8,35225,237790,10.3390/nu13020411,Vitamin D Supplementation to Prevent COVID-19 Infections and Deaths-Accumulating Evidence from Epidemiological and Intervention Studies Calls for Immediate Action,NUTRIENTS
busca__final/f5874e00f882d015a8f2b386ce424bab.pdf,f5874e00f882d015a8f2b386ce424bab,14,58823,918170,10.3390/jcm10112378,Vitamin D Levels in COVID-19 Outpatients from Western Mexico: Clinical Correlation and Effect of Its Supplementation,JOURNAL OF CLINICAL MEDICINE
busca__final/c8b767d1b8b81f34762646206c23ce36.pdf,c8b767d1b8b81f34762646206c23ce36,6,36626,421778,10.1016/j.jsbmb.2021.105964,Impact of vitamin D on the course of COVID-19 during pregnancy: A case control study,JOURNAL OF STEROID BIOCHEMISTRY AND MOLECULAR BIOLOGY
busca__final/8b9d3a67c928377f2011f91df944caba.pdf,8b9d3a67c928377f2011f91df944caba,11,51204,1748004,10.1080/07315724.2021.1951891,Association between Vitamin D Status and Risk of Developing Severe COVID-19 Infection: A Meta-Analysis of Observational Studies,JOURNAL OF THE AMERICAN NUTRITION ASSOCIATION
busca__final/b6b73b10c7dfbd2e1acd4b6f59773b6a.pdf,b6b73b10c7dfbd2e1acd4b6f59773b6a,9,47777,642617,10.1007/s40618-021-01535-2,"Vitamin D deficiency, secondary hyperparathyroidism and respiratory insufficiency in hospitalized patients with COVID-19",JOURNAL OF ENDOCRINOLOGICAL INVESTIGATION
busca__final/d8fc6acb34c962aca793fd7a5b794451.pdf,d8fc6acb34c962aca793fd7a5b794451,30,145019,4280260,10.3390/nu14142997,"Rapidly Increasing Serum 25(OH)D Boosts the Immune System, against Infections-Sepsis and COVID-19",NUTRIENTS
busca__final/eb9c4f11c700be50df1b682a6ca968fb.pdf,eb9c4f11c700be50df1b682a6ca968fb,7,33330,523344,10.1186/s12879-021-06168-7,Lack of association between vitamin D insufficiency and clinical outcomes of patients with COVID-19 infection,BMC INFECTIOUS DISEASES
busca__final/0a337a62de92b3e2717d0f7a454dbe4c.pdf,0a337a62de92b3e2717d0f7a454dbe4c,6,27305,1428191,10.2147/DDDT.S271754,A Single Large Dose of Vitamin D Could be Used as a Means of Coronavirus Disease 2019 Prevention and Treatment,DRUG DESIGN DEVELOPMENT AND THERAPY
busca__final/45e970df5f8cc4bba8601569e53eafc2.pdf,45e970df5f8cc4bba8601569e53eafc2,8,40218,700309,10.1620/tjem.255.127,Prevalence and Clinical Outcomes of Vitamin D Deficiency in COVID-19 Hospitalized Patients: A Retrospective Single-Center Analysis,TOHOKU JOURNAL OF EXPERIMENTAL MEDICINE
busca__final/b1b48179b1b9907ccd95373ace71d5db.pdf,b1b48179b1b9907ccd95373ace71d5db,10,52279,553296,10.1159/000514286,Pathophysiological Implication of Vitamin D in Diabetic Kidney Disease,KIDNEY & BLOOD PRESSURE RESEARCH
busca__final/5489348321ae7d09526e92f404efd476.pdf,5489348321ae7d09526e92f404efd476,11,48087,490381,10.1016/j.aimed.2020.07.011,The effects of vitamin D on acute viral respiratory infections: A rapid review,ADVANCES IN INTEGRATIVE MEDICINE
busca__final/08eece08318d9636184bd6a02259aa65.pdf,08eece08318d9636184bd6a02259aa65,8,46300,938560,10.1038/s41390-022-02275-6,Vitamin D deficiency and vitamin D receptor FokI polymorphism as risk factors for COVID-19,PEDIATRIC RESEARCH
busca__final/a91c12b941281d4a41ce64f67b23f032.pdf,a91c12b941281d4a41ce64f67b23f032,22,66118,1034848,10.1371/journal.pone.0269064,The association between vitamin D status and COVID-19 in England: A cohort study using UK Biobank,PLOS ONE
busca__final/e38af584e9f14cd04643819b03eb7bc0.pdf,e38af584e9f14cd04643819b03eb7bc0,5,35865,1611184,10.1016/j.inat.2021.101441,Vitamin D and its' role in Parkinson's disease patients with SARS-CoV-2 infection. A review article,INTERDISCIPLINARY NEUROSURGERY-ADVANCED TECHNIQUES AND CASE MANAGEMENT
busca__final/7fbcbaca30d8ac4c9bf5068af5741055.pdf,7fbcbaca30d8ac4c9bf5068af5741055,10,46443,548203,10.2147/IJGM.S346169,The Impact of Vitamin D Level on the Severity and Outcome of Hospitalized Patients with COVID-19 Disease,INTERNATIONAL JOURNAL OF GENERAL MEDICINE
busca__final/dab174395d862d6ac0a1537f19069e62.pdf,dab174395d862d6ac0a1537f19069e62,11,62121,778808,10.1136/bmjopen-2021-055435,"Vitamin D insufficiency in COVID-19 and influenza A, and critical illness survivors: a cross-sectional study",BMJ OPEN
busca__final/403c5aca662efedfe107eb0b241577e4.pdf,403c5aca662efedfe107eb0b241577e4,11,70516,404179,10.1002/JLB.4COVR1020-698R,Role of vitamin D in regulating COVID-19 severity-An immunological perspective,JOURNAL OF LEUKOCYTE BIOLOGY
busca__final/0ddcfd1cb232030765e364e5064ddcb9.pdf,0ddcfd1cb232030765e364e5064ddcb9,6,30362,276251,10.4149/BLL_2021_034,The relationship between vitamin D and the severity of COVID-19,BRATISLAVA MEDICAL JOURNAL-BRATISLAVSKE LEKARSKE LISTY
busca__final/0f7b0446f6376777a414fff98c1b732f.pdf,0f7b0446f6376777a414fff98c1b732f,9,45587,512291,10.2147/IJGM.S309003,Prevalence of Low Level of Vitamin D Among COVID-19 Patients and Associated Risk Factors in India - A Hospital-Based Study,INTERNATIONAL JOURNAL OF GENERAL MEDICINE
busca__final/212c7af70a5700b7db626d93dbc8a24f.pdf,212c7af70a5700b7db626d93dbc8a24f,2,7691,179715,10.3390/nu12123642,"Vitamin D Insufficiency May Account for Almost Nine of Ten COVID-19 Deaths: Time to Act. Comment on: Vitamin D Deficiency and Outcome of COVID-19 Patients. <i>Nutrients</i> 2020, <i>12</i>, 2757",NUTRIENTS
busca__final/50862767ae416177919977ab90d37375.pdf,50862767ae416177919977ab90d37375,12,48914,408668,10.1177/1753944720977715,Differences in RAAS/vitamin D linked to genetics and socioeconomic factors could explain the higher mortality rate in African Americans with COVID-19,THERAPEUTIC ADVANCES IN CARDIOVASCULAR DISEASE
busca__final/89e1678a75641538229b189d2483cf56.pdf,89e1678a75641538229b189d2483cf56,13,70373,1632234,10.3389/fendo.2022.913334,Current evidence on the impact of the COVID-19 pandemic on paediatric endocrine conditions,FRONTIERS IN ENDOCRINOLOGY
busca__final/1367857b3a3a9eef9cbb1bffb3c6b5fa.pdf,1367857b3a3a9eef9cbb1bffb3c6b5fa,8,51380,550723,10.1016/j.ctim.2022.102855,"Vitamin D deficiency is Associated with Increased Risk of Delirium and Mortality among Critically Ill, Elderly Covid-19 Patients",COMPLEMENTARY THERAPIES IN MEDICINE
busca__final/cb18be1585ebae7f737e10643d237b81.pdf,cb18be1585ebae7f737e10643d237b81,9,33103,1608605,10.4162/nrp.2021.15.S1.S32,25-Hydroxyvitamin D level is associated with mortality in patients with critical COVID-19: a prospective observational study in Mexico City,NUTRITION RESEARCH AND PRACTICE
busca__final/600c30ebcfe4ddb9af45a97f376a2b75.pdf,600c30ebcfe4ddb9af45a97f376a2b75,17,107225,778283,10.1093/cdn/nzab018,Implications of Vitamin D Research in Chickens can Advance Human Nutrition and Perspectives for the Future,CURRENT DEVELOPMENTS IN NUTRITION
busca__final/342580812f9fa7e420b46121d9d57fa0.pdf,342580812f9fa7e420b46121d9d57fa0,7,50036,449849,10.1016/j.hnm.2022.200141,The role of micronutrients in the management of COIVD-19 and optimizing vaccine efficacy,HUMAN NUTRITION & METABOLISM
busca__final/9019e6e5f0430b29bfcdf1dcf3002908.pdf,9019e6e5f0430b29bfcdf1dcf3002908,16,55661,6379899,10.3390/ph15030305,Vitamin D Status and Immune Response in Hospitalized Patients with Moderate and Severe COVID-19,PHARMACEUTICALS
busca__final/f10d117a8bac37f358f18266e7a6ba4b.pdf,f10d117a8bac37f358f18266e7a6ba4b,6,37546,1102545,10.1016/j.cca.2021.08.003,Previous vitamin D status and total cholesterol are associated with SARS-CoV-2 infection,CLINICA CHIMICA ACTA
busca__final/a0590e4a893c1e0c66eb19d53361cc60.pdf,a0590e4a893c1e0c66eb19d53361cc60,11,48091,577663,10.3390/ijms232315188,Association between 25-OH Vitamin D Deficiency and COVID-19 Severity in Pregnant Women,INTERNATIONAL JOURNAL OF MOLECULAR SCIENCES
busca__final/1db4e00fd51b94ec91aca3ed51218d65.pdf,1db4e00fd51b94ec91aca3ed51218d65,6,30471,686085,10.4102/sajid.v37i1.359,Vitamin D status and COVID-19 severity,SOUTHERN AFRICAN JOURNAL OF INFECTIOUS DISEASES
busca__final/e271ac9d92824e367ecd261ce9063a5a.pdf,e271ac9d92824e367ecd261ce9063a5a,16,87417,2843543,10.3390/ijerph182010950,Sunlight Exposure and Phototherapy: Perspectives for Healthy Aging in an Era of COVID-19,INTERNATIONAL JOURNAL OF ENVIRONMENTAL RESEARCH AND PUBLIC HEALTH
busca__final/43571ec1f68eb3d862a820999faa1adb.pdf,43571ec1f68eb3d862a820999faa1adb,10,37989,2827691,10.4103/JOD.JOD_18_20,Vitamin D and its role in coronavirus disease 2019 (COVID-19),JOURNAL OF DIABETOLOGY
busca__final/9fcb75f274f95a55cf2846c1965dcc70.pdf,9fcb75f274f95a55cf2846c1965dcc70,5,28970,352964,10.1017/jns.2020.36,COVID-19: the older adult and the importance of vitamin D sufficiency,JOURNAL OF NUTRITIONAL SCIENCE
busca__final/1e58dc79b423ed04f2e19ce7a72509d4.pdf,1e58dc79b423ed04f2e19ce7a72509d4,7,32232,518489,10.1055/s-0043-1761924,Strong Association between Vitamin D Receptor Gene and Severe Acute Respiratory Syndrome coronavirus 2 Infectious Variants,GLOBAL MEDICAL GENETICS
busca__final/e63c3c2f506e63c49a002a5e3ead8934.pdf,e63c3c2f506e63c49a002a5e3ead8934,13,78887,788060,10.1016/j.diabres.2022.110156,"Impact of diabetes status and related factors on COVID-19-associated hospitalization: A nationwide retrospective cohort study of 116,370 adults with SARS-CoV-2 infection",DIABETES RESEARCH AND CLINICAL PRACTICE
busca__final/09fcf0aecb28bddb4e77d03db29755ab.pdf,09fcf0aecb28bddb4e77d03db29755ab,8,44461,547254,10.1016/j.clnesp.2022.04.003,Association between 25-hydroxyvitamin D levels and COVID-19 severity,CLINICAL NUTRITION ESPEN
busca__final/37a9ba1233e2bdc01c8ec71892a86f0c.pdf,37a9ba1233e2bdc01c8ec71892a86f0c,9,34752,702656,10.12659/MSM.935823,Effect of the COVID-19 Pandemic on Serum Vitamin D Levels in People Under Age 18 Years: A Systematic Review and Meta-Analysis,MEDICAL SCIENCE MONITOR
busca__final/1e263542be0683b911daaa8adad65b94.pdf,1e263542be0683b911daaa8adad65b94,8,39397,727526,10.1186/s12879-022-07438-8,"Comparison of the cardiovascular system, clinical condition, and laboratory results in COVID-19 patients with and without vitamin D insufficiency",BMC INFECTIOUS DISEASES
busca__final/3d0e16b69e5759e745a50af3b16b34b0.pdf,3d0e16b69e5759e745a50af3b16b34b0,8,37444,3115808,10.1016/j.jsbmb.2021.105965,Vitamin D association with the renin angiotensin system in polycystic ovary syndrome,JOURNAL OF STEROID BIOCHEMISTRY AND MOLECULAR BIOLOGY
busca__final/1cd0f5a517f1424fa13e6ba7e607022f.pdf,1cd0f5a517f1424fa13e6ba7e607022f,15,46411,426784,10.1108/NFS-05-2021-0143,"In COVID-19 patients, low 25-hydroxyvitamin D level in serum is associated with longer viral clearance time and higher risk of intensive care unit admission",NUTRITION & FOOD SCIENCE
busca__final/ce19af6468a75c7175fc08e2c293844c.pdf,ce19af6468a75c7175fc08e2c293844c,14,107481,803202,10.26444/aaem/161583,Role of vitamin D3 in selected pulmonary diseases with particular emphasis on lung fibrosis,ANNALS OF AGRICULTURAL AND ENVIRONMENTAL MEDICINE
busca__final/6795748c63fbb870e7a0cf819b0bc1d0.pdf,6795748c63fbb870e7a0cf819b0bc1d0,5,20811,188793,10.5867/medwave.2021.03.8174,The impact of COVID-19 preventive lockdowns on the prevalence of benign paroxysmal positional vertigo,MEDWAVE
busca__final/3c8d0f1e8564015413b469401f61e7ce.pdf,3c8d0f1e8564015413b469401f61e7ce,9,47459,785835,10.3389/fnut.2023.1249402,Vitamin D deficiency prevention policies in Iran: a retrospective policy analysis,FRONTIERS IN NUTRITION
busca__final/84818ec2b18fb846c1373ce6e1d0f9fc.pdf,84818ec2b18fb846c1373ce6e1d0f9fc,9,31623,570471,10.26355/eurrev_202306_32651,Association between vitamin D hypovitaminosis and severe forms of COVID-19,EUROPEAN REVIEW FOR MEDICAL AND PHARMACOLOGICAL SCIENCES
busca__final/9aac4396a5af1ccbf1c56230292d4f84.pdf,9aac4396a5af1ccbf1c56230292d4f84,7,32610,540592,10.5152/eurasianjmed.2022.21088,Vitamin D Level in Laboratory Confirmed COVID-19 and Disease Progression,EURASIAN JOURNAL OF MEDICINE
busca__final/adeda03c328e85bdd2278a337d3d45c7.pdf,adeda03c328e85bdd2278a337d3d45c7,10,45410,702731,10.1136/bmjresp-2022-001258,Vitamin D status: a U-shaped relationship for SARS-CoV-2 seropositivity in UK healthcare workers,BMJ OPEN RESPIRATORY RESEARCH
busca__final/1cf803133397cb5861e8256c1f1a430e.pdf,1cf803133397cb5861e8256c1f1a430e,7,29508,365766,10.1515/tjb-2022-0123,The relationship between serum vitamin D and antibody response following two doses of inactivated COVID-19 vaccine,TURKISH JOURNAL OF BIOCHEMISTRY-TURK BIYOKIMYA DERGISI
busca__final/1a80903fc4e890071d60d190640ee87d.pdf,1a80903fc4e890071d60d190640ee87d,7,30813,410099,10.1155/2022/4410032,Prevalence of Vitamin D Deficiency in Children with Fractures: Before and during the COVID-19 Outbreak,INTERNATIONAL JOURNAL OF CLINICAL PRACTICE
busca__final/e94fc932742263818369e9d72934ae21.pdf,e94fc932742263818369e9d72934ae21,8,31892,533394,10.2147/IJGM.S386815,Clinical and Prognostic Significance of Baseline Serum Vitamin D Levels in Hospitalized Egyptian Covid-19 Patients,INTERNATIONAL JOURNAL OF GENERAL MEDICINE
busca__final/5aa93050c3a17fff53f7045f45407eab.pdf,5aa93050c3a17fff53f7045f45407eab,19,68735,863060,10.1371/journal.pone.0272513,Contemporary nutrition-based interventions to reduce risk of infection among elderly long-term care residents: A scoping review,PLOS ONE
busca__final/7f6827eb04e79a440250a0746b33ec28.pdf,7f6827eb04e79a440250a0746b33ec28,5,23276,128379,10.4274/tod.galenos.2021.09815,Did Wearing Mask and Lockdowns Affect Vitamin D Levels During the Coronavirus Disease-2019 Pandemic?,TURK OSTEOPOROZ DERGISI-TURKISH JOURNAL OF OSTEOPOROSIS
busca__final/e210b274b0bd489ff63be8a3ff4d554a.pdf,e210b274b0bd489ff63be8a3ff4d554a,11,41392,984222,10.1159/000535302,Association of Vitamin D with severity and outcome of COVID-19: Clinical and Experimental Evidence,JOURNAL OF INNATE IMMUNITY
busca__final/a12edc251298e266c70c5d251a39782e.pdf,a12edc251298e266c70c5d251a39782e,10,60356,3361791,10.1016/j.mce.2023.112071,Low growth hormone secretion associated with post-acute sequelae SARS-CoV-2 infection (PASC) neurologic symptoms: A case-control pilot study,MOLECULAR AND CELLULAR ENDOCRINOLOGY
busca__final/a12edc251298e266c70c5d251a39782e.pdf,a12edc251298e266c70c5d251a39782e,10,60356,3361791,10.1016/j.mce.2023.112071,Low growth hormone secretion associated with post-acute sequelae SARS-CoV-2 infection (PASC) neurologic symptoms: A case-control pilot study,MOLECULAR AND CELLULAR ENDOCRINOLOGY
busca__final/e6d66321c46abf6e71750e2eec329aee.pdf,e6d66321c46abf6e71750e2eec329aee,16,58543,309540,10.3390/nu15204435,Healthcare Costs and Healthcare Utilization Outcomes of Vitamin D3 Supplementation at 5000 IU Daily during a 10.9 Month Observation Period within a Pragmatic Randomized Clinical Trial,NUTRIENTS
busca__final/b3c7c668c210d9a89e27726cb7351468.pdf,b3c7c668c210d9a89e27726cb7351468,8,48116,1181400,10.1016/j.ijregi.2023.05.007,An investigation into the correlation of vitamin D status and management outcomes in patients with severe COVID-19 at a South African tertiary hospital,IJID REGIONS
busca__final/7b10b68aa697e5bc9797b9163f7c17c3.pdf,7b10b68aa697e5bc9797b9163f7c17c3,6,24925,86042,10.52635/eamr/13.1.16-21,VITAMIN D STATUS IN COVID-19 PATIENTS ADMITTED TO THE CRITICAL CARE UNIT OF AN EASTERN INDIA HOSPITAL,EXPLORATORY ANIMAL AND MEDICAL RESEARCH
busca__final/bdf9c3be39f8dfb3e9385d5d735e5ac3.pdf,bdf9c3be39f8dfb3e9385d5d735e5ac3,15,61142,768564,10.3390/nu15102345,A Retrospective Chart Review Evaluating Changes in 25-Hydroxyvitamin D Levels among Patients Attending the University Healthcare Centre during the COVID-19 Pandemic,NUTRIENTS
busca__final/ff1a164c6cf3475513c820eafbbaf6bb.pdf,ff1a164c6cf3475513c820eafbbaf6bb,9,45112,975637,10.1186/s40795-023-00706-z,Vitamin D deficiency in Ukraine: current evidence,BMC NUTRITION
busca__final/4a3abe0ce9b9a06f7a61904d52af5ec4.pdf,4a3abe0ce9b9a06f7a61904d52af5ec4,10,37041,214488,10.7759/cureus.23146,The Relationship Between Vitamin D Levels and Severity in Illness in COVID-19 Patients: A Cross-Sectional Study,CUREUS JOURNAL OF MEDICAL SCIENCE
busca__final/30eaee90a91a3c4f7b94b5a458a5d001.pdf,30eaee90a91a3c4f7b94b5a458a5d001,6,26335,133567,10.7759/cureus.14828,Frequency of Vitamin D Deficiency in Patients of Asthma,CUREUS JOURNAL OF MEDICAL SCIENCE
busca__final/5dc298c31c827ab090520d8f613d945d.pdf,5dc298c31c827ab090520d8f613d945d,2,7425,195518,10.3390/nu12123643,"Reply to: Vitamin D Insufficiency May Account for Almost Nine of Ten COVID-19 Deaths: Time to Act. Comment on: Vitamin D Deficiency and Outcome of COVID-19 Patients. <i>Nutrients</i> 2020, <i>12</i>, 2757",NUTRIENTS
busca__final/7c44105ed79384c28078d0c0db6e4462.pdf,7c44105ed79384c28078d0c0db6e4462,6,22553,5550667,10.1111/dth.13949,Analysis of dermatologic conditions in Turkey and Italy by using Google Trends analysis in the era of theCOVID-19 pandemic,DERMATOLOGIC THERAPY
busca__final/ca61fa91544087ca7277c194e137a163.pdf,ca61fa91544087ca7277c194e137a163,3,10704,399991,10.1111/ijd.15255,Skin and eye protection against ultraviolet C from ultraviolet germicidal irradiation devices during the COVID-19 pandemic,INTERNATIONAL JOURNAL OF DERMATOLOGY
busca__final/15f282f891cd95baae0b2bec0e853089.pdf,15f282f891cd95baae0b2bec0e853089,8,41688,305520,10.1007/s13671-020-00315-0,Vitamin D Update,CURRENT DERMATOLOGY REPORTS
busca__final/74982533e1cf2507751da4382cd4affe.pdf,74982533e1cf2507751da4382cd4affe,31,113802,1262832,10.32604/jrm.2022.023449,Valorization of <i>Aloe barbadensis</i> Miller. (<i>Aloe vera</i>) Processing Waste,JOURNAL OF RENEWABLE MATERIALS
busca__final/94981c8a68601bc5955214c4b3727f8a.pdf,94981c8a68601bc5955214c4b3727f8a,8,39021,406529,10.1177/12034754211034478,An Added Benefit of Masks During the COVID-19 Pandemic: Ultraviolet Protection,JOURNAL OF CUTANEOUS MEDICINE AND SURGERY
busca__final/4bde6692f1c62c246729f22cd3a0c09d.pdf,4bde6692f1c62c246729f22cd3a0c09d,3,8835,733838,10.1016/j.jaad.2022.01.020,An analysis of public sunscreen distribution in the United States during the COVID-19 pandemic,JOURNAL OF THE AMERICAN ACADEMY OF DERMATOLOGY
busca__final/b714b2b8c33794973467db6fd925faba.pdf,b714b2b8c33794973467db6fd925faba,22,88669,2698358,10.3390/su15054416,Nutritional Approaches of the Changing Consumer after the Pandemic: Sustainable Potential of Phytoene and Phytofluene for Photoprotection and Skin Health,SUSTAINABILITY
busca__final/0328a00aff10d7c2217527306e02880c.pdf,0328a00aff10d7c2217527306e02880c,7,40216,1710843,10.1016/j.jksus.2023.102970,Assessment of sunscreen effects in photosensitivity under UV exposure during COVID-19 pandemic,JOURNAL OF KING SAUD UNIVERSITY SCIENCE
busca__final/034a68001b9ab3ecfc8a03c8a28c2cd7.pdf,034a68001b9ab3ecfc8a03c8a28c2cd7,13,68138,3844452,10.1016/j.scitotenv.2023.164820,"Analysis of sunscreens and antibiotics in groundwater during the Covid-19 pandemic in the Riviera Maya, Mexico",SCIENCE OF THE TOTAL ENVIRONMENT
busca__final/777e30743f31a1f7f7e4c6180d90f76e.pdf,777e30743f31a1f7f7e4c6180d90f76e,10,39872,530429,10.2147/CCID.S432108,Dermatologists Should Encourage and Resume Photoprotection in Patients with Photodermatoses and Melasma Following the COVID-19 Pandemic,CLINICAL COSMETIC AND INVESTIGATIONAL DERMATOLOGY
busca__final/f9da606678714ca6ae2bd3be2b552b71.pdf,f9da606678714ca6ae2bd3be2b552b71,12,51667,2904963,10.1007/s00484-022-02337-8,Exposure to solar UV radiation of Polish teenagers after the first COVID-19 lockdown in March-April 2020,INTERNATIONAL JOURNAL OF BIOMETEOROLOGY
busca__final/da76a6e1eae05d47ea650cf152c0c977.pdf,da76a6e1eae05d47ea650cf152c0c977,16,68965,279639,10.3390/foods9111701,Food Ingredients and Active Compounds against the Coronavirus Disease (COVID-19) Pandemic: A Comprehensive Review,FOODS
busca__final/91f5651c36ab6eeef8fe96dab420e5bd.pdf,91f5651c36ab6eeef8fe96dab420e5bd,13,75686,1513082,10.1007/s11154-021-09679-5,"Vitamin D, infections and immunity",REVIEWS IN ENDOCRINE & METABOLIC DISORDERS
busca__final/5918b248f008d1b4176bff823c7c6931.pdf,5918b248f008d1b4176bff823c7c6931,9,38898,746721,10.3390/nu12092775,Impact of Vitamin D Deficiency on COVID-19-A Prospective Analysis from the CovILD Registry,NUTRIENTS
busca__final/ed81801450ae91617f65ae2082af2534.pdf,ed81801450ae91617f65ae2082af2534,12,67200,495287,10.1093/nutrit/nuaa063,Nutritional perspectives for the prevention and mitigation of COVID-19,NUTRITION REVIEWS
busca__final/f5842ba773c9269898289885f0bcb7ca.pdf,f5842ba773c9269898289885f0bcb7ca,22,132135,428042,10.1128/mSystems.00122-21,Dietary Supplements and Nutraceuticals under Investigation for COVID-19 Prevention and Treatment,MSYSTEMS
busca__final/0112e157096b821f25ad05f342b95638.pdf,0112e157096b821f25ad05f342b95638,25,176760,1063471,10.1093/jn/nxab059,The Role of Nutrition in COVID-19 Susceptibility and Severity of Disease: A Systematic Review,JOURNAL OF NUTRITION
busca__final/043e94ea8c7f258bbb81ce6fe1f8bfcf.pdf,043e94ea8c7f258bbb81ce6fe1f8bfcf,17,75237,1368277,10.1098/rsos.201912,Vitamin D and COVID-19: evidence and recommendations for supplementation,ROYAL SOCIETY OPEN SCIENCE
busca__final/c5d87f4285707b234c77cd618dd282df.pdf,c5d87f4285707b234c77cd618dd282df,7,31626,1167707,10.1186/s12985-021-01692-z,The association between interferon lambda 3 and 4 gene single-nucleotide polymorphisms and the recovery of COVID-19 patients,VIROLOGY JOURNAL
busca__final/4c7d8649ebf4bbdc7655cdf8fc3c2743.pdf,4c7d8649ebf4bbdc7655cdf8fc3c2743,12,45743,810494,10.3390/nu14153048,"Positive Effects of Vitamin D Supplementation in Patients Hospitalized for COVID-19: A Randomized, Double-Blind, Placebo-Controlled Trial",NUTRIENTS
busca__final/24fa14788231a24528f392c3a21bbfda.pdf,24fa14788231a24528f392c3a21bbfda,4,24915,244636,10.1016/j.dsx.2021.102302,High prevalence of post COVID-19 fatigue in patients with type 2 diabetes: A case-control study,DIABETES & METABOLIC SYNDROME-CLINICAL RESEARCH & REVIEWS
busca__final/a661de36e365d91db525f60c431f9cca.pdf,a661de36e365d91db525f60c431f9cca,33,140414,6698790,10.3390/antiox10091440,Resveratrol as an Adjunctive Therapy for Excessive Oxidative Stress in Aging COVID-19 Patients,ANTIOXIDANTS
busca__final/718fb4c30d6a057c8f8005440a98c511.pdf,718fb4c30d6a057c8f8005440a98c511,19,79760,287826,10.3390/nu12123741,The Benefits of Vitamin D Supplementation for Athletes: Better Performance and Reduced Risk of COVID-19,NUTRIENTS
busca__final/8b4660557cca35710c67204ea67b8b01.pdf,8b4660557cca35710c67204ea67b8b01,7,43933,480341,10.1016/j.jdiacomp.2021.108100,Characterizing progressive beta-cell recovery after new-onset DKA in COVID-19 provoked A-β plus KPD (ketosis-prone diabetes): A prospective study from Eastern India,JOURNAL OF DIABETES AND ITS COMPLICATIONS
busca__final/f12a7032d8e8370a11a5e418301dc9b1.pdf,f12a7032d8e8370a11a5e418301dc9b1,15,66366,2418789,10.3390/nu14153061,"Vitamin D and the Ability to Produce 1,25(OH)<sub>2</sub>D Are Critical for Protection from Viral Infection of the Lungs",NUTRIENTS
busca__final/d3f6d48b9aa988fc7ac66dd3ce9dd602.pdf,d3f6d48b9aa988fc7ac66dd3ce9dd602,6,39840,546703,10.1016/j.msard.2022.103946,COVID-19 severity is associated with worsened neurological outcomes in multiple sclerosis and related disorders,MULTIPLE SCLEROSIS AND RELATED DISORDERS
busca__final/84c8a6c674c459c0d7fc6c39da22c5c7.pdf,84c8a6c674c459c0d7fc6c39da22c5c7,11,63276,1513117,10.1016/j.nano.2022.102552,Bioavailability by design - Vitamin D<sub>3</sub> liposomal delivery vehicles,NANOMEDICINE-NANOTECHNOLOGY BIOLOGY AND MEDICINE
busca__final/b73e1c6910ed15220e869da66241072c.pdf,b73e1c6910ed15220e869da66241072c,13,51185,1423830,10.3389/fmed.2022.843737,Vitamin D Status in Relation to the Clinical Outcome of Hospitalized COVID-19 Patients,FRONTIERS IN MEDICINE
busca__final/804c3e38c2c726027e3b3130fe61a2d7.pdf,804c3e38c2c726027e3b3130fe61a2d7,14,69665,1566203,10.3389/fphar.2022.863587,"Beneficial Effect of Short-Term Supplementation of High Dose of Vitamin D<sub>3</sub> in Hospitalized Patients With COVID-19: A Multicenter, Single-Blinded, Prospective Randomized Pilot Clinical Trial",FRONTIERS IN PHARMACOLOGY
busca__final/99c979ec7ec47dea334d4bdad89c2173.pdf,99c979ec7ec47dea334d4bdad89c2173,15,110591,786513,10.1016/j.clnesp.2021.06.011,"The snapshot of metabolic health in evaluating micronutrient status, the risk of infection and clinical outcome of COVID-19",CLINICAL NUTRITION ESPEN
busca__final/8a80c28b63a9f7c125c6892add7690c4.pdf,8a80c28b63a9f7c125c6892add7690c4,8,45216,721970,10.1007/s12020-022-03135-3,The osteo-metabolic phenotype of COVID-19: an update,ENDOCRINE
busca__final/7d886b049b7c7de2a8c8e88d675213f8.pdf,7d886b049b7c7de2a8c8e88d675213f8,11,56968,418208,10.1136/bmjnph-2021-000270,Nutritional parameters and outcomes in patients admitted to intensive care with COVID-19: a retrospective single-centre service evaluation,"BMJ NUTRITION, PREVENTION & HEALTH"
busca__final/654c69cd346f3d32a3f336f4e7bd5fe1.pdf,654c69cd346f3d32a3f336f4e7bd5fe1,8,39166,126546,10.1177/2333794X211021739,Potential Role of Vitamins and Zinc on Acute Respiratory Infections Including Covid-19,GLOBAL PEDIATRIC HEALTH
busca__final/7f6537373a4ea20271f1990db14f307a.pdf,7f6537373a4ea20271f1990db14f307a,33,134296,1215238,10.3390/ijms232012324,Role of Micronutrients and Gut Microbiota-Derived Metabolites in COVID-19 Recovery,INTERNATIONAL JOURNAL OF MOLECULAR SCIENCES
busca__final/fa1b6bd59c819c7f0777fa76d71f2245.pdf,fa1b6bd59c819c7f0777fa76d71f2245,16,101883,772643,10.1017/S0954422421000251,Vitamin D and acute and severe illness - a mechanistic and pharmacokinetic perspective,NUTRITION RESEARCH REVIEWS
busca__final/af238d0edcf7ee16431659126d7c56a9.pdf,af238d0edcf7ee16431659126d7c56a9,13,61416,1391988,10.3390/medicina58060715,COVID-19 Induced Taste Dysfunction and Recovery: Association with Smell Dysfunction and Oral Health Behaviour,MEDICINA-LITHUANIA
busca__final/483503e571e8fc213dc7a3da2341fda8.pdf,483503e571e8fc213dc7a3da2341fda8,8,49278,243485,10.3389/fnut.2022.930176,Vitamin D for Recovery of COVID-19 in Patients With Chronic Kidney Disease,FRONTIERS IN NUTRITION
busca__final/f813ee0787090b8ba7460f681d06d93a.pdf,f813ee0787090b8ba7460f681d06d93a,24,107686,2035034,10.3390/nu15153430,Immunomodulatory Effects of Vitamin D in Respiratory Tract Infections and COVID-19 in Children,NUTRIENTS
busca__final/f07233b9cc9d3fbd11f58f3da27e6956.pdf,f07233b9cc9d3fbd11f58f3da27e6956,12,48491,346042,10.46497/ArchRheumatol.2022.8996,Impact of vitamin D level and supplementation on systemic lupus erythematosus patients during COVID-19 pandemic,ARCHIVES OF RHEUMATOLOGY
busca__final/f07233b9cc9d3fbd11f58f3da27e6956.pdf,f07233b9cc9d3fbd11f58f3da27e6956,12,48491,346042,10.46497/ArchRheumatol.2022.8996,Impact of vitamin D level and supplementation on systemic lupus erythematosus patients during COVID-19 pandemic,ARCHIVES OF RHEUMATOLOGY
busca__final/5f2b69d4ba38dd7e674a42d5bee801e2.pdf,5f2b69d4ba38dd7e674a42d5bee801e2,7,28030,126320,10.7759/cureus.22385,The Relationship Between Vitamin D Status and the Clinical Severity of COVID-19 Infection: A Retrospective Single-Center Analysis,CUREUS JOURNAL OF MEDICAL SCIENCE
busca__final/5ff88e2cde1d82b1a77971a11e9828f6.pdf,5ff88e2cde1d82b1a77971a11e9828f6,9,50575,2094138,10.4103/jfmpc.jfmpc_2460_22,"A systematic review: The relationship of COVID-19 to iron, zinc, and vitamin D",JOURNAL OF FAMILY MEDICINE AND PRIMARY CARE
busca__final/b7c52710dd58a70ea0c426800e8cfff7.pdf,b7c52710dd58a70ea0c426800e8cfff7,19,66010,834167,10.3390/math11173711,Effects of Vitamin D Supplementation and Degradation on the Innate Immune System Response: Insights on SARS-CoV-2,MATHEMATICS
busca__final/14ce48c7c8b83adc384c7853f924205a.pdf,14ce48c7c8b83adc384c7853f924205a,14,62477,930384,10.3390/diseases11030104,The Effects of Vitamin D Supplementation on Respiratory Infections in Children under 6 Years Old: A Systematic Review,DISEASES
busca__final/26c62968399519ba7e11538ecf242ce7.pdf,26c62968399519ba7e11538ecf242ce7,21,77721,1325710,10.4162/nrp.2021.15.S1.S1,Nutrient modulation of viral infection-implications for COVID-19,NUTRITION RESEARCH AND PRACTICE
busca__final/620cd2b209770a8b24a678bd30392947.pdf,620cd2b209770a8b24a678bd30392947,8,35524,322228,10.5826/dpc.1303a190,Vitamin D Levels in Children During Winter and the Relationship Between Sunscreen and Sun Protection Behaviors,DERMATOLOGY PRACTICAL & CONCEPTUAL
busca__final/f38c16ed7725d2c62f3958c5178ba5be.pdf,f38c16ed7725d2c62f3958c5178ba5be,9,37789,487338,10.4067/S0717-75182021000500789,"The role of vitamin D on the risk of SARS-CoV-2 / COVID-19 part II: Requirements of vitamin D in boys, girls and adolescents",REVISTA CHILENA DE NUTRICION
busca__final/65f2e90a747b6b81241be23a950fc80d.pdf,65f2e90a747b6b81241be23a950fc80d,10,55014,527237,10.1016/j.eprac.2021.09.016,"Treatment With 25-Hydroxyvitamin D3 (Calcifediol) Is Associated With a Reduction in the Blood Neutrophil-to-Lymphocyte Ratio Marker of Disease Severity in Hospitalized Patients With COVID-19: A Pilot Multicenter, Randomized, Placebo-Controlled, Double-Blinded Clinical Trial",ENDOCRINE PRACTICE
busca__final/98acc90f33f9368c54472f8d5f834c9f.pdf,98acc90f33f9368c54472f8d5f834c9f,13,55244,1455854,10.3390/nu15163629,"The Variability of Vitamin D Concentrations in Short Children with Short Stature from Central Poland-The Effects of Insolation, Supplementation, and COVID-19 Pandemic Isolation",NUTRIENTS
busca__final/0aefb1158b98bc12005c0f74c9e9987e.pdf,0aefb1158b98bc12005c0f74c9e9987e,9,38436,619313,,Vitamin D Status in Japanese Young Women in 2016-2017 an 2020: Seasonal Variation and the Effect of Lifestyle Including Changes Caused by the COVID-19 Pandemic,JOURNAL OF NUTRITIONAL SCIENCE AND VITAMINOLOGY
busca__final/cf8ad1ae701fafba97eb1da0189372e3.pdf,cf8ad1ae701fafba97eb1da0189372e3,17,42451,274651,10.1017/S0029665123004792,Nutrition and immunity: lessons from coronavirus disease-2019,PROCEEDINGS OF THE NUTRITION SOCIETY
busca__final/ee0ff34e360b0a5894533ae8049b4ad8.pdf,ee0ff34e360b0a5894533ae8049b4ad8,10,33171,1638126,10.1186/s12937-021-00744-y,"Low vitamin D levels do not aggravate COVID-19 risk or death, and vitamin D supplementation does not improve outcomes in hospitalized patients with COVID-19: a meta-analysis and GRADE assessment of cohort studies and RCTs",NUTRITION JOURNAL
busca__final/b43dd09e01d9ab7aec9376e92d6ea422.pdf,b43dd09e01d9ab7aec9376e92d6ea422,10,44780,795603,10.4067/S0717-75182021000400630,The role of vitamin D on the risk of SARS-CoV-2/COVID-19 part I: Narrative review,REVISTA CHILENA DE NUTRICION
busca__final/1399e45308413d6126f18f4ff300ebfd.pdf,1399e45308413d6126f18f4ff300ebfd,30,72646,757612,10.3934/mbe.2022417,"Analyzing the relationship between the vitamin D deficiency and COVID-19 mortality rate and modeling the time-delay interactions between body's immune healthy cells, infected cells, and virus particles with the effect of vitamin D levels",MATHEMATICAL BIOSCIENCES AND ENGINEERING
busca__final/1d485ebb03d5457573e121866a486faf.pdf,1d485ebb03d5457573e121866a486faf,35,127961,493263,0,"THE EFFICACY, EQUITY AND EXTERNALITIES OF AUSTRALIA'S COVIDSAFE APP AS A POLICY INTERVENTION DURING THE COVID-19 PANDEMIC: WAS IT SUNSCREEN OR TANNING LOTION?",UNIVERSITY OF NEW SOUTH WALES LAW JOURNAL
busca__final/2e73a9988a954e4cda132fd788275e3d.pdf,2e73a9988a954e4cda132fd788275e3d,8,28054,395312,10.51847/CmNEJaqTlR,"KNOWLEDGE, ATTITUDES, AND PRACTICES ASSOCIATED WITH VITAMIN D MISUSE AMONG GENERAL POPULATION DURING COVID-19 (NORTHERN KSA)",PHARMACOPHORE
busca__final/08dfb67ac774116af753f4bde1352233.pdf,08dfb67ac774116af753f4bde1352233,1,13480,193071,0,Public sunscreen dispensers and consumer sunscreen trends during the COVID-19 pandemic,JOURNAL OF INVESTIGATIVE DERMATOLOGY
busca__final/84668bf75a4e0a6c01e6d5b929ab95f8.pdf,84668bf75a4e0a6c01e6d5b929ab95f8,1,14351,201179,0,Public sunscreen dispenser distribution in the United States: Continued COVID-19 trends during 2021,JOURNAL OF INVESTIGATIVE DERMATOLOGY
busca__final/894166735c3441f7b916a210fa2b6741.pdf,894166735c3441f7b916a210fa2b6741,13,31621,402256,0,"Prevalence of Vitamin D Insufficiency and Deficiency among Young Physicians at University District Hospital in San Juan, Puerto Rico",PUERTO RICO HEALTH SCIENCES JOURNAL
busca__final/a0ff530e0a6bc931204164d92a322d0e.pdf,a0ff530e0a6bc931204164d92a322d0e,12,38422,120358,10.1590/1413-81232022272.37532020,Vitamin D insufficiency and factors associated: a study with older adults people from primary health care network,CIENCIA & SAUDE COLETIVA
